description,category
BOURNEMOUTH UNIVER,Food
BOURNEMOUTH UNIVER,Food
GO SOUTH COAST,Transport
SAINSBURY'S S/MKT,Groceries
BOURNEMOUTH UNIVER,Food
AMZNMktplace,Shopping
GO SOUTH COAST,Transport
BURNINGEYE.APP,Other
NON-GBP TRANS FEE,Other
NON-GBP PURCH FEE,Other
Zety.com,Education
KFC-FERNDOWN,Food
ICELAND,Groceries
GO SOUTH COAST,Transport
ICELAND,Groceries
BOURNEMOUTH UNIVER,Food
BOURNEMOUTH UNIVER,Food
GO SOUTH COAST,Transport
LOYD LOYD 84 VICTO,Other
BRISTOL AND WESSEX,Bills
SOUTH WEST WATER,Bills
ICELAND,Groceries
SAINSBURYS S/MKTS,Groceries
WWW.FATSOMA.COM,Entertainment
WWW.ASOS.COM,Shopping
EE TOPUP  VESTA,Bills
ICELAND,Groceries
Sharp Cut Barbers,Health&Hygiene
APPLE.COM/BILL,Bills
SAINSBURYS S/MKTS,Groceries
V LAVRENTIUK,Other
TV LICENCE MBP,Bills
BOURNEMOUTH UNIVER,Food
GO SOUTH COAST,Transport
ICELAND,Groceries
GO SOUTH COAST,Transport
Amazon Prime*1X7C6,Bills
SAINSBURYS S/MKTS,Groceries
mygam/donationaler,Other
NON-GBP TRANS FEE,Other
NON-GBP PURCH FEE,Other
GO SOUTH COAST,Transport
WAITROSE 203,Groceries
GO SOUTH COAST,Transport
DVLA DRIVER ONLINE,Bills
LIDL GB BOURNEMOUT,Groceries
SAINSBURYS S/MKTS,Groceries
GO SOUTH COAST,Transport
AMZNMktplace,Shopping
BOURNEMOUTH UNIVER,Food
BOURNEMOUTH UNIVER,Food
SAINSBURYS S/MKTS,Groceries
GO SOUTH COAST,Transport
BURNINGEYE.APP,Other
NON-GBP TRANS FEE,Other
NON-GBP PURCH FEE,Other
GO SOUTH COAST,Transport
ICELAND,Groceries
LIDL GB BOURNEMOUT,Groceries
Zety.com,Education
BOURNEMOUTH UNIVER,Food
GO SOUTH COAST,Transport
LIDL GB BOURNEMOUT,Groceries
GO SOUTH COAST,Transport
SAINSBURYS S/MKTS,Groceries
SAINSBURY'S PETROL,Groceries
GO SOUTH COAST,Transport
SAINSBURYS S/MKTS,Groceries
WILKO RETAIL LIMIT,Shopping
SAINSBURYS S/MKTS,Groceries
LHR T5 WDF MAIN,Presents
LHR T5 WDF MAIN,Presents
GO SOUTH COAST,Transport
APPLE.COM/BILL,Bills
mygam/donationaler,Other
NON-GBP TRANS FEE,Other
NON-GBP PURCH FEE,Other
Amazon Prime*R643Z,Bills
TV LICENCE MBP,Bills
EE TOPUP  VESTA,Bills
MARTIN MCCOLL,Groceries
KARSBERGS FISH & C,Food
GO SOUTH COAST,Transport
AMZNMktplace,Shopping
SAINSBURYS S/MKTS,Groceries
STEVEN DOBSON,Bills
WAITROSE 203,Groceries
Cafe Aroma Ringwoo,Food
GO SOUTH COAST,Transport
BURNINGEYE.APP,Other
NON-GBP TRANS FEE,Other
NON-GBP PURCH FEE,Other
GO SOUTH COAST,Transport
SAINSBURYS S/MKTS,Groceries
FINNAIR     105247,Travel&Tourism
BOURNEMOUTH UNIVER,Food
GO SOUTH COAST,Transport
BOURNEMOUTH UNIVER,Food
BOURNEMOUTH UNIVER,Food
GO SOUTH COAST,Transport
ICELAND,Groceries
Zety.com,Education
GO SOUTH COAST,Transport
MCDONALDS,Food
LOYD LOYD 84 VICTO,Bills
LOYD LOYD 84 VICTO,Bills
PAYPAL *CRASHCOURS,Education
ICELAND,Groceries
Ferndown Barbers,Health&Hygiene
TESCO STORES 2530,Groceries
GO SOUTH COAST,Transport
BOURNEMOUTH UNIVER,Food
GO SOUTH COAST,Transport
BOURNEMOUTH UNIVER,Food
GO SOUTH COAST,Transport
MCDONALDS,Food
SAINSBURY'S PETROL,Groceries
Moss BOURNEMOUTH,Shopping
EE TOPUP  VESTA,Bills
BOURNEMOUTH UNIVER,Food
EE TOPUP  VESTA,Bills
LIDL GB BOURNEMOUT,Groceries
GO SOUTH COAST,Transport
BOURNEMOUTH UNIVER,Food
ICELAND,Groceries
SUBU,Food
BOURNEMOUTH UNIVER,Food
GO SOUTH COAST,Transport
Moss BOURNEMOUTH,Shopping
GO SOUTH COAST,Transport
STARBUCKS COFFEE,Food
FINANCE MELBURY HO,Other
TESCO STORES 6316,Groceries
SAINSBURYS S/MKTS,Groceries
GO SOUTH COAST,Transport
NATIVE TICKETS,Entertainment
TV LICENCE MBP,Bills
MCDONALDS,Food
mygam/donationaler,Other
NON-GBP TRANS FEE,Other
NON-GBP PURCH FEE,Other
APPLE.COM/BILL,Bills
Revolution Bournem,Entertainment
NIGHT JAR,Entertainment
NIGHT JAR,Entertainment
NIGHT JAR,Entertainment
GO SOUTH COAST,Transport
WWW.FATSOMA.COM,Entertainment
EE TOPUP  VESTA,Bills
Revolution Bournem,Entertainment
Revolution Bournem,Entertainment
Revolution Bournem,Entertainment
Revolution Bournem,Entertainment
Revolution Bournem,Entertainment
GO SOUTH COAST,Transport
SUBU,Food
SUMUP  *MUNCHIES,Transport
V LAVRENTIUK,Savings
GO SOUTH COAST,Transport
TESCO STORES 2530,Groceries
ICELAND,Groceries
APPLE.COM/BILL,Bills
GO SOUTH COAST,Transport
GO SOUTH COAST,Transport
SAINSBURYS S/MKTS,Groceries
TIMPSON LTD,Shopping
ICELAND,Groceries
Zety.com,Education
COSTA FERNDOWN,Food
WWW.ASOS.COM,Shopping
GO SOUTH COAST,Transport
MCDONALDS,Food
SAINSBURYS S/MKTS,Groceries
LOYD LOYD 84 VICTO,Other
MCDONALDS,Food
GO SOUTH COAST,Transport
MCDONALDS,Food
ICELAND,Groceries
TESCO STORES 2530,Groceries
SAINSBURYS S/MKTS,Groceries
V LAVRENTIUK,Savings
Patreon* Membershi,Entertainment
BOURNEMOUTH UNIVER,Food
GO SOUTH COAST,Transport
AMZNMktplace,Shopping
WWW.ASOS.COM,Shopping
MARTIN MCCOLL,Groceries
KARSBERGS FISH & C,Food
APPLE.COM/BILL,Bills
AMZNMktplace,Shopping
V LAVRENTIUK,Savings
OX ROW INN,Entertainment
SAINSBURYS S/MKTS,Groceries
TV LICENCE MBP,Bills
mygam/donationaler,Other
NON-GBP TRANS FEE,Other
NON-GBP PURCH FEE,Other
COSTA FERNDOWN,Food
ICELAND,Groceries
TESCO STORES 2530,Groceries
GO SOUTH COAST,Transport
DVSA,Education
BOURNEMOUTH UNIVER,Food
GO SOUTH COAST,Transport
EE TOPUP  VESTA,Bills
GO SOUTH COAST,Transport
WELCOME BREAK-FLEE,Food
EE TOPUP  VESTA,Bills
WELCOME BREAK,Food
FERNDOWN TENNIS,Sports&Activities
SEAFRONT CATERING,Food
APPLE.COM/BILL,Bills
T K MAXX LTD,Shopping
FERNDOWN TENNIS,Sports&Activities
GO SOUTH COAST,Transport
ASDA SUPERSTORE 41,Groceries
Zettle_*REEFSIDE C,Food
ZETTLE_*REEFSIDE C,Food
ZETTLE_*REEFSIDE C,Food
SUMUP  *TAXI,Transport
GO SOUTH COAST,Transport
SQ *KUMPI,Food
GO SOUTH COAST,Transport
MARKS&SPENCER PLC,Groceries
MARKS&SPENCER PLC,Groceries
GOCARDLESS,Entertainment
Henderson's Artisa,Food
SALISBURY CATHEDRA,Travel&Tourism
MARKET INN,Food
AMZNMktplace,Shopping
Zety.com,Education
SAINSBURYS S/MKTS,Groceries
GO SOUTH COAST,Transport
SEAFRONT CATERING,Food
Cornish Bakehouse,Food
FERNDOWN LEISURE C,Sports&Activities
GO SOUTH COAST,Transport
SAINSBURYS S/MKTS,Groceries
trainline,Transport
LW Theatres Group,Entertainment
Zettle_*My Barrett,Entertainment
TRAINLINE.COM,Transport
FERNDOWN TENNIS,Sports&Activities
TESCO STORES 2530,Groceries
Ferndown Barbers,Health&Hygiene
SAINSBURY'S S/MKT,Groceries
IWM LONDON ADMISSI,Travel&Tourism
MELS KITCHEN,Food
ZETTLE_*VINYL COLL,Presents
COFFEE NO 1 RINGWO,Food
National Express L,Transport
SEAFRONT CATERING,Food
SEAFRONT CATERING,Food
GO SOUTH COAST,Transport
SAINSBURYS S/MKTS,Groceries
MCDONALDS,Food
SAINSBURYS S/MKTS,Groceries
trainline,Transport
AGODA.COM CAMDEN M,Other
DOMINOS,Food
Revolut**4235*,Travel&Tourism
Revolut**2821*,Travel&Tourism
LNK SAINSBURYS BAN,Travel&Tourism
SAINSBURY'S S/MKT,Groceries
AMZNMktplace,Shopping
APPLE.COM/BILL,Bills
TESCO STORES 2530,Groceries
BOSTON TEA PARTY R,Food
WILKO RETAIL LIMIT,Shopping
ROEBRIDGE FOODS,Food
EE TOPUP  VESTA,Bills
Revolut**1715*,Travel&Tourism
CAFFE NERO HTW T3,Food
mygam/donationaler,Other
NON-GBP TRANS FEE,Other
NON-GBP PURCH FEE,Other
Revolut**6161*,Travel&Tourism
Revolut**4659*,Travel&Tourism
TV LICENCE MBP,Bills
S-MARKET ANKKURI,Travel&Tourism
NON-GBP TRANS FEE,Other
SEAFRONT CATERING,Food
Revolut**5248*,Travel&Tourism
MARKS&SPENCER PLC,Groceries
Zettle_*Black Shee,Food
SAINSBURYS S/MKTS,Groceries
SEAFRONT CATERING,Food
SQ *KUMPI,Food
GO SOUTH COAST,Transport
Lindt Portsmouth,Groceries
NANDOS.CO.UK,Food
OSPREY LONDON,Shopping
NANDOS.CO.UK,Food
TRADEVITS LTD,Shopping
Live4Tennis,Sports&Activities
ODEON CINEMAS,Entertainment
TESCO STORES,Groceries
TFL TRAVEL CH,Food
Zettle_*BUBBLEOLOG,Food
ZETTLE_*BUBBLEOLOG,Food
BENUGO-ENO,Entertainment
BENUGO-ENO,Entertainment
SUMUP  *PRONTO,Transport
MERCATO METROPOLIT,Food
TFL TRAVEL CH,Transport
CITYEXPERIENCES,Entertainment
TK MAXX,Shopping
OZDILLER OFF LICEN,Entertainment
TFL TRAVEL CH,Transport
TooGoodToG 7m82jqs,Food
Revolut**1876*,Other
SAINSBURYS S/MKTS,Groceries
Zety.com,Education
GO SOUTH COAST,Transport
TooGoodToG w566gdl,Food
TESCO STORES 2530,Groceries
MCDONALDS,Food
ODEON CINEMAS,Entertainment
GO SOUTH COAST,Transport
SAINSBURYS S/MKTS,Groceries
TESCO STORES 2530,Groceries
LOYD LOYD 84 VICTO,Other
Revolut**3528*,Other
Live4Tennis,Sports&Activities
ODEON CINEMAS,Entertainment
Revolut**0718*,Other
SUBWAY 28466 Holde,Food
SUBWAY 28466 Holde,Food
TooGoodToG lpxs6cq,Food
SAINSBURYS S/MKTS,Groceries
SOUTH WEST WATER L,Bills
APPLE.COM/BILL,Bills
trainline,Transport
Live4Tennis,Sports&Activities
mygam/donationaler,Other
NON-GBP TRANS FEE,Other
NON-GBP PURCH FEE,Other
TV LICENCE MBP,Bills
DORSET BLIND ASSOC,Shopping
DORSET BLIND ASSOC,Shopping
TESCO STORES 2530,Groceries
LNK SAINSBURYS BAN,Other
SEAFRONT CATERING,Food
SEAFRONT CATERING,Food
SEAFRONT CATERING,Food
GO SOUTH COAST,Transport
SP AQUASPIRIT-UK,Shopping
DOMINO S PIZZA,Food
GO SOUTH COAST,Transport
WATER SERVICES,Bills
MCDONALDS,Food
TooGoodToG l692z12,Food
SAINSBURYS S/MKTS,Groceries
The Kiosk @ KGV,Food
Food Plus,Food
PERLEGO SUBSCRIPTI,Entertainment
NON-GBP TRANS FEE,Entertainment
SAINSBURYS S/MKTS,Groceries
Revolut**7274*,Travel&Tourism
Zety.com,Education
Revolut**8014*,Travel&Tourism
Revolut**8014*,Travel&Tourism
TICKETS 96060248,Entertainment
APPLE.COM/BILL,Bills
AMZNMktplace,Shopping
Revolut**8014*,Travel&Tourism
Revolut**8014*,Travel&Tourism
mygam/donationaler,Other
NON-GBP TRANS FEE,Other
NON-GBP PURCH FEE,Other
-KIWI.COM-,Transport
EB *BOURNEMOUTH CO,Entertainment
TV LICENCE MBP,Bills
Revolut**8014*,Travel&Tourism
National Express L,Transport
SAINSBURYS S/MKTS,Groceries
ICELAND,Groceries
SAINSBURYS S/MKTS,Groceries
LIDL GB BOURNEMOUT,Food
GO SOUTH COAST,Transport
SAINSBURYS S/MKTS,Groceries
GO SOUTH COAST,Transport
National Express L,Transport
TESCO STORES 2530,Groceries
EE TOPUP  VESTA,Food
ICELAND,Groceries
GO SOUTH COAST,Transport
GO SOUTH COAST,Transport
National Express L,Transport
National Express L,Transport
SAINSBURYS S/MKTS,Groceries
ICELAND,Groceries
GREGGS PLC,Food
BOURNEMOUTH UNIVER,Food
Ticketmaster UK Li,Entertainment
LIDL GB BOURNEMOUT,Groceries
GO SOUTH COAST,Transport
GO SOUTH COAST,Transport
TESCO STORES 2530,Groceries
Zety.com,Education
GO SOUTH COAST,Transport
SAINSBURYS S/MKTS,Groceries
SAINSBURYS S/MKTS,Groceries
BRITANNIA HOTEL,Travel&Tourism
MANCHESTER SOUVENI,Food
GO NORTH WEST,Transport
GO NORTH WEST,Transport
GO SOUTH COAST,Transport
AO ARENA MANCHESTE,Food
MANCHESTER AIRPORT,Transport
AO ARENA MANCHESTE,Food
FIVE GUYS MANCHEST,Food
ZETTLE_*EZRA   GIL,Food
BRITANNIA HOTEL,Travel&Tourism
CAFFE NERO MANCHES,Food
GO SOUTH COAST,Transport
VMS ROADCHEF FFC,Food
TRAINLINE.COM LTD,Travel&Tourism
ZETTLE_*RED EXPRES,Transport
LIDL GB BOURNEMOUT,Groceries
BOURNEMOUTH UNIVER,Food
SAINSBURYS S/MKTS,Groceries
SUBU,Food
GO SOUTH COAST,Transport
GO SOUTH COAST,Transport
Ferndown Barbers,Health&Hygiene
TooGoodToG na8fm1m,Food
BOURNEMOUTH UNIVER,Food
SAINSBURYS S/MKTS,Groceries
GO SOUTH COAST,Transport
GO SOUTH COAST,Transport
THE SHOP,Food
LOSTERIA,Food
GO SOUTH COAST,Transport
SAINSBURYS S/MKTS,Groceries
BOURNEMOUTH UNIVER,Food
POUNDLAND - 2813,Groceries
GREGGS PLC,Food
GO SOUTH COAST,Transport
EVENIUM         45,Other
NON-GBP TRANS FEE,Other
APPLE.COM/BILL,Bills
GO SOUTH COAST,Transport
SAINSBURYS S/MKTS,Groceries
GREGGS PLC,Food
mygam/donationaler,Other
NON-GBP TRANS FEE,Other
NON-GBP PURCH FEE,Other
BOURNEMOUTH UNIVER,Food
GREGGS PLC,Food
GO SOUTH COAST,Transport
GO SOUTH COAST,Transport
TV LICENCE MBP,Bills
McDonalds 8260595,Food
SUBU,Food
BOURNEMOUTH UNIVER,Food
SAINSBURYS S/MKTS,Groceries
GO SOUTH COAST,Transport
BOURNEMOUTH UNIVER,Food
SAINSBURYS S/MKTS,Groceries
TRAINLINE.COM LTD,Travel&Tourism
GO SOUTH COAST,Transport
MCDONALDS,Food
BOURNEMOUTH UNIVER,Food
GO SOUTH COAST,Transport
NATEXPRESSREWARDS,Travel&Tourism
GO SOUTH COAST,Transport
EE TOPUP  VESTA,Bills
FIRST HAMPSHIRE,Transport
Tubary Stores,Food
Warren's Ice Cream,Food
PUMPKIN,Food
TooGoodToG ruflujd,Food
GO SOUTH COAST,Transport
Union Shop,Food
POUNDLAND LTD - 18,Food
Union Shop,Food
GO SOUTH COAST,Transport
GO SOUTH COAST,Transport
STEVEN DOBSON,Bills
McDonalds 8260595,Food
SUBU,Food
POUNDLAND LTD - 18,Food
BOURNEMOUTH UNIVER,Food
SAINSBURYS S/MKTS,Food
GREGGS PLC,Food
GO SOUTH COAST,Transport
AMZNMktplace,Shopping
Zety.com,Bills
GO SOUTH COAST,Transport
GO SOUTH COAST,Transport
MARTIN MCCOLL,Food
Union Shop,Food
KARSBERGS FISH & C,Food
GO SOUTH COAST,Transport
LIDL GB BOURNEMOUT,Groceries
GO SOUTH COAST,Transport
TESCO STORES 2530,Groceries
SAINSBURYS S/MKTS,Groceries
SUBU,Food
GO SOUTH COAST,Transport
GO SOUTH COAST,Transport
mygam/donationaler,Other
NON-GBP TRANS FEE,Other
GO SOUTH COAST,Transport
McDonalds 8260595,Food
VIAGOGO Event Tick,Entertainment
www.groupon.co.uk,Health&Hygiene
McDonalds 8260595,Food
SUBU,Food
SAINSBURYS S/MKTS,Groceries
SUBU,Food
GO SOUTH COAST,Transport
SAINSBURYS S/MKTS,Groceries
SUBU,Food
GO SOUTH COAST,Transport
BH Live Tickets,Entertainment
TRAINLINE.COM LTD,Transport
GO SOUTH COAST,Transport
UGG,Shopping
TESCO STORES 2530,Groceries
SUBU,Food
GO SOUTH COAST,Transport
WWW.FATSOMA.COM,Entertainment
POP PARTY EVENTS,Entertainment
KFC-WINTON,Food
SUMUP  *TAXI DRIVE,Transport
APPLE.COM/BILL,Bills
BOURNEMOUTH - CAME,Entertainment
BOURNEMOUTH - CAME,Entertainment
THE SHOP,Other
mygam/donationaler,Other
NON-GBP TRANS FEE,Other
NON-GBP PURCH FEE,Other
ASDA SUPERSTORE 41,Groceries
GO SOUTH COAST,Transport
GO SOUTH COAST,Transport
Zettle_*Cafe Thriv,Food
THE STAGS,Food
GO SOUTH COAST,Transport
SUBU,Food
Ferndown Barbers,Health&Hygiene
TV LICENCE MBP,Bills
MINSTER SF CONNECT,Groceries
SUBU,Food
GO SOUTH COAST,Transport
SUBU,Food
GO SOUTH COAST,Transport
SAINSBURYS S/MKTS,Groceries
BH Live,Entertainment
BH Live,Entertainment
GO SOUTH COAST,Transport
BERYL,Transport
GO SOUTH COAST,Transport
BH Live,Entertainment
BERYL,Transport
TooGoodToG b8cas6r,Food
GO SOUTH COAST,Transport
TRAINLINE.COM LTD,Transport
SAINSBURY'S S/MKT,Groceries
McDonalds 8260595,Food
GO SOUTH COAST,Transport
GO SOUTH COAST,Transport
EE TOPUP  VESTA,Bills
NATEXPRESSREWARDS,Other
SAINSBURYS S/MKTS,Groceries
trainline,Transport
T K MAXX LTD,Shopping
GO SOUTH COAST,Transport
KFC-WINTON,Food
GO SOUTH COAST,Transport
McDonalds 8260595,Food
SAINSBURYS S/MKTS,Groceries
LIDL GB,Groceries
VIP TAXIS,Transport